-- MySQL dump 10.13  Distrib 8.0.16, for Win64 (x86_64)
--
-- Host: localhost    Database: loh
-- ------------------------------------------------------
-- Server version	8.0.16

/*!40101 SET @OLD_CHARACTER_SET_CLIENT=@@CHARACTER_SET_CLIENT */;
/*!40101 SET @OLD_CHARACTER_SET_RESULTS=@@CHARACTER_SET_RESULTS */;
/*!40101 SET @OLD_COLLATION_CONNECTION=@@COLLATION_CONNECTION */;
 SET NAMES utf8mb4 ;
/*!40103 SET @OLD_TIME_ZONE=@@TIME_ZONE */;
/*!40103 SET TIME_ZONE='+00:00' */;
/*!40014 SET @OLD_UNIQUE_CHECKS=@@UNIQUE_CHECKS, UNIQUE_CHECKS=0 */;
/*!40014 SET @OLD_FOREIGN_KEY_CHECKS=@@FOREIGN_KEY_CHECKS, FOREIGN_KEY_CHECKS=0 */;
/*!40101 SET @OLD_SQL_MODE=@@SQL_MODE, SQL_MODE='NO_AUTO_VALUE_ON_ZERO' */;
/*!40111 SET @OLD_SQL_NOTES=@@SQL_NOTES, SQL_NOTES=0 */;

--
-- Table structure for table `food`
--

DROP TABLE IF EXISTS `food`;
/*!40101 SET @saved_cs_client     = @@character_set_client */;
 SET character_set_client = utf8mb4 ;
CREATE TABLE `food` (
  `品名` varchar(20) NOT NULL,
  PRIMARY KEY (`品名`)
) ENGINE=InnoDB DEFAULT CHARSET=utf8mb4 COLLATE=utf8mb4_0900_ai_ci;
/*!40101 SET character_set_client = @saved_cs_client */;

--
-- Dumping data for table `food`
--

LOCK TABLES `food` WRITE;
/*!40000 ALTER TABLE `food` DISABLE KEYS */;
INSERT INTO `food` VALUES ('キャベツ'),('ゴボウ'),('じゃがいも'),('たまねぎ'),('トマト'),('ニラ'),('にんじん'),('にんにく'),('ハム'),('パン粉'),('ピーマン'),('ほうれん草'),('マカロニ'),('ラザニア生地'),('レタス'),('卵'),('合い挽き肉'),('小麦粉'),('牛乳'),('生クリーム'),('舞茸'),('豚のひき肉'),('餃子の皮'),('餅'),('鮭'),('鶏もも肉');
/*!40000 ALTER TABLE `food` ENABLE KEYS */;
UNLOCK TABLES;

--
-- Table structure for table `menu`
--

DROP TABLE IF EXISTS `menu`;
/*!40101 SET @saved_cs_client     = @@character_set_client */;
 SET character_set_client = utf8mb4 ;
CREATE TABLE `menu` (
  `品名` varchar(20) NOT NULL,
  `数量` float DEFAULT NULL,
  `日時` datetime NOT NULL,
  `レシピ名` varchar(20) NOT NULL,
  PRIMARY KEY (`品名`,`レシピ名`,`日時`)
) ENGINE=InnoDB DEFAULT CHARSET=utf8mb4 COLLATE=utf8mb4_0900_ai_ci;
/*!40101 SET character_set_client = @saved_cs_client */;

--
-- Dumping data for table `menu`
--

LOCK TABLES `menu` WRITE;
/*!40000 ALTER TABLE `menu` DISABLE KEYS */;
INSERT INTO `menu` VALUES ('キャベツ',1,'2020-01-09 19:00:00','ロールキャベツ'),('キュウリ',1,'2020-01-12 19:00:00','ポテトサラダ'),('サバ',2,'2020-01-13 19:00:00','サバ味噌'),('ジャガイモ',1,'2020-01-07 19:00:00','カレーライス'),('ジャガイモ',4,'2020-01-12 19:00:00','ポテトサラダ'),('ジャガイモ',3,'2020-01-10 19:00:00','肉じゃが'),('タマネギ',1,'2020-01-07 19:00:00','カレーライス'),('タマネギ',1,'2020-01-08 12:00:00','ハンバーグ'),('タマネギ',1,'2020-01-12 19:00:00','ポテトサラダ'),('タマネギ',1,'2020-01-09 19:00:00','ロールキャベツ'),('タマネギ',1,'2020-01-08 19:00:00','牛丼'),('タマネギ',1,'2020-01-10 19:00:00','肉じゃが'),('ニンジン',1,'2020-01-07 19:00:00','カレーライス'),('ニンジン',1,'2020-01-12 19:00:00','ポテトサラダ'),('ニンジン',1,'2020-01-09 19:00:00','ロールキャベツ'),('ニンジン',1,'2020-01-10 19:00:00','肉じゃが'),('ひき肉',3,'2020-01-08 12:00:00','ハンバーグ'),('ひき肉',2,'2020-01-10 12:00:00','麻婆豆腐'),('ブリ',4,'2020-01-11 19:00:00','ブリ大根'),('大根',1,'2020-01-11 19:00:00','ブリ大根'),('牛肉',2,'2020-01-07 19:00:00','カレーライス'),('牛肉',2,'2020-01-08 19:00:00','牛丼'),('豆腐',1,'2020-01-10 12:00:00','麻婆豆腐'),('豚肉',2,'2020-01-09 19:00:00','ロールキャベツ'),('豚肉',2,'2020-01-10 19:00:00','肉じゃが'),('鮭',2,'2020-01-12 19:00:00','焼き鮭'),('鶏肉',2,'2020-01-09 12:00:00','鶏のから揚げ');
/*!40000 ALTER TABLE `menu` ENABLE KEYS */;
UNLOCK TABLES;

--
-- Table structure for table `recipe`
--

DROP TABLE IF EXISTS `recipe`;
/*!40101 SET @saved_cs_client     = @@character_set_client */;
 SET character_set_client = utf8mb4 ;
CREATE TABLE `recipe` (
  `レシピ名` varchar(20) NOT NULL,
  PRIMARY KEY (`レシピ名`)
) ENGINE=InnoDB DEFAULT CHARSET=utf8mb4 COLLATE=utf8mb4_0900_ai_ci;
/*!40101 SET character_set_client = @saved_cs_client */;

--
-- Dumping data for table `recipe`
--

LOCK TABLES `recipe` WRITE;
/*!40000 ALTER TABLE `recipe` DISABLE KEYS */;
INSERT INTO `recipe` VALUES ('オムライス'),('キッシュ'),('きんぴらごぼう'),('コロッケ'),('サバ味噌'),('シュウマイ'),('ハンバーグ'),('ブリ大根'),('ポテトサラダ'),('マカロニグラタン'),('ラザニア'),('ロールキャベツ'),('回鍋肉'),('焼き鮭'),('磯辺焼き'),('肉うどん'),('青椒肉絲'),('餃子'),('鮭のムニエル'),('鶏のから揚げ'),('麻婆豆腐');
/*!40000 ALTER TABLE `recipe` ENABLE KEYS */;
UNLOCK TABLES;

--
-- Table structure for table `ref`
--

DROP TABLE IF EXISTS `ref`;
/*!40101 SET @saved_cs_client     = @@character_set_client */;
 SET character_set_client = utf8mb4 ;
CREATE TABLE `ref` (
  `名前` varchar(20) NOT NULL,
  PRIMARY KEY (`名前`)
) ENGINE=InnoDB DEFAULT CHARSET=utf8mb4 COLLATE=utf8mb4_0900_ai_ci;
/*!40101 SET character_set_client = @saved_cs_client */;

--
-- Dumping data for table `ref`
--

LOCK TABLES `ref` WRITE;
/*!40000 ALTER TABLE `ref` DISABLE KEYS */;
INSERT INTO `ref` VALUES ('AF81'),('IRR-45'),('MR-PD15'),('NR-B14'),('SJ-D14');
/*!40000 ALTER TABLE `ref` ENABLE KEYS */;
UNLOCK TABLES;

--
-- Table structure for table `reffood`
--

DROP TABLE IF EXISTS `reffood`;
/*!40101 SET @saved_cs_client     = @@character_set_client */;
 SET character_set_client = utf8mb4 ;
CREATE TABLE `reffood` (
  `名前` varchar(20) NOT NULL,
  `数量` float DEFAULT NULL,
  `品名` varchar(20) NOT NULL,
  `カテゴリ` varchar(20) DEFAULT NULL,
  `消費期限` date NOT NULL,
  PRIMARY KEY (`品名`,`名前`,`消費期限`)
) ENGINE=InnoDB DEFAULT CHARSET=utf8mb4 COLLATE=utf8mb4_0900_ai_ci;
/*!40101 SET character_set_client = @saved_cs_client */;

--
-- Dumping data for table `reffood`
--

LOCK TABLES `reffood` WRITE;
/*!40000 ALTER TABLE `reffood` DISABLE KEYS */;
INSERT INTO `reffood` VALUES ('AF81',3,'アスパラガス','野菜','2019-12-27'),('AF81',1,'アボカド','野菜','2019-12-28'),('AF81',1,'アボカド','野菜','2020-01-02'),('AF81',20,'インゲン','野菜','2020-01-01'),('AF81',1,'インゲン','野菜','2020-01-03'),('AF81',10,'オクラ','野菜','2019-12-25'),('AF81',10,'オクラ','野菜','2019-12-31'),('AF81',1,'かぼちゃ','野菜','2019-12-25'),('AF81',1,'かぼちゃ','野菜','2020-01-02'),('AF81',1,'カリフラワー','野菜','2020-01-02'),('AF81',1,'キャベツ','野菜','2019-12-25'),('AF81',2,'キャベツ','野菜','2020-01-01'),('AF81',1,'キュウリ','野菜','2019-12-25'),('AF81',1,'キュウリ','野菜','2019-12-26'),('AF81',1,'グリーンピース','野菜','2019-12-31'),('AF81',1,'ゴボウ','野菜','2019-12-31'),('AF81',1,'さつまいも','野菜','2019-12-26'),('AF81',5,'さといも','芋','2020-01-01'),('AF81',2,'サバ','魚','2019-12-25'),('AF81',1,'サバ','魚','2019-12-26'),('AF81',10,'しいたけ','キノコ','2019-12-30'),('AF81',1,'ジャガイモ','野菜','2019-12-25'),('AF81',5,'じゃがいも','芋','2019-12-27'),('AF81',30,'スイカ','野菜','2020-07-20'),('AF81',1,'タマネギ','野菜','2019-12-25'),('AF81',10,'とうもろこし','野菜','2019-12-27'),('AF81',10,'とうもろこし','野菜','2020-01-03'),('AF81',2,'トマト','野菜','2019-12-31'),('AF81',5,'トマト','野菜','2020-01-22'),('AF81',1,'にら','野菜','2020-01-03'),('AF81',1,'ニンジン','野菜','2019-12-25'),('AF81',1,'にんにく','野菜','2020-01-02'),('AF81',1,'ネギ','野菜','2019-12-29'),('AF81',1,'ネギ','野菜','2020-01-04'),('AF81',1,'バジル','野菜','2019-12-31'),('AF81',3,'ひき肉','肉','2019-12-25'),('AF81',1,'ブドウ','果物','2019-12-25'),('AF81',4,'ブリ','魚','2019-12-25'),('AF81',1,'ほうれん草','野菜','2019-12-29'),('AF81',1,'ほっけ','魚','2019-12-25'),('AF81',2,'まいたけ','キノコ','2019-12-31'),('AF81',2,'まいたけ','キノコ','2020-01-03'),('AF81',10,'ミニトマト','野菜','2020-01-01'),('AF81',2,'モロヘイヤ','野菜','2020-01-01'),('AF81',2,'りんご','果物','2020-01-01'),('AF81',1,'大根','野菜','2019-12-25'),('AF81',1,'大根','野菜','2020-01-01'),('AF81',2,'春菊','野菜','2019-12-30'),('AF81',1,'枝豆','豆','2019-12-29'),('AF81',1,'枝豆','豆','2019-12-31'),('AF81',1,'水菜','野菜','2019-12-25'),('AF81',1,'水菜','野菜','2019-12-29'),('AF81',1,'牛乳','乳製品','2020-01-01'),('AF81',2,'牛肉','肉','2019-12-25'),('AF81',3,'牛薄切り肉','肉','2019-12-28'),('AF81',3,'生鮭','魚','2020-01-02'),('AF81',1,'白菜','野菜','2019-12-28'),('AF81',3,'納豆','大豆製品','2019-12-30'),('AF81',2,'絹豆腐','大豆製品','2019-12-26'),('AF81',2,'絹豆腐','大豆製品','2019-12-29'),('AF81',2,'絹豆腐','大豆製品','2019-12-30'),('AF81',1,'豆腐','大豆製品','2019-12-25'),('AF81',5,'豚バラ','肉','2019-12-30'),('AF81',3,'豚ひき肉','肉','2019-12-29'),('AF81',1,'豚ひき肉','肉','2020-01-01'),('AF81',3,'豚ひき肉','肉','2020-01-03'),('AF81',2,'豚肉','肉','2019-12-25'),('AF81',2,'豚肉','肉','2019-12-30'),('AF81',2,'豚肉ロース','肉','2020-01-01'),('AF81',2,'鮭','魚','2019-12-25'),('AF81',1,'鮭','魚','2019-12-28'),('AF81',3,'鶏もも肉','肉','2020-01-01'),('AF81',2,'鶏肉','肉','2019-12-25');
/*!40000 ALTER TABLE `reffood` ENABLE KEYS */;
UNLOCK TABLES;

--
-- Table structure for table `reffood_temp`
--

DROP TABLE IF EXISTS `reffood_temp`;
/*!40101 SET @saved_cs_client     = @@character_set_client */;
 SET character_set_client = utf8mb4 ;
CREATE TABLE `reffood_temp` (
  `名前` varchar(20) NOT NULL,
  `数量` float DEFAULT NULL,
  `品名` varchar(20) NOT NULL,
  `カテゴリ` varchar(20) DEFAULT NULL,
  `消費期限` date NOT NULL
) ENGINE=InnoDB DEFAULT CHARSET=utf8mb4 COLLATE=utf8mb4_0900_ai_ci;
/*!40101 SET character_set_client = @saved_cs_client */;

--
-- Dumping data for table `reffood_temp`
--

LOCK TABLES `reffood_temp` WRITE;
/*!40000 ALTER TABLE `reffood_temp` DISABLE KEYS */;
INSERT INTO `reffood_temp` VALUES ('AF81',3,'アスパラガス','野菜','2019-12-27'),('AF81',1,'アボカド','野菜','2019-12-28'),('AF81',1,'アボカド','野菜','2020-01-02'),('AF81',20,'インゲン','野菜','2020-01-01'),('AF81',1,'インゲン','野菜','2020-01-03'),('AF81',10,'オクラ','野菜','2019-12-25'),('AF81',10,'オクラ','野菜','2019-12-31'),('AF81',1,'かぼちゃ','野菜','2019-12-25'),('AF81',1,'かぼちゃ','野菜','2020-01-02'),('AF81',1,'カリフラワー','野菜','2020-01-02'),('AF81',1,'キャベツ','野菜','2019-12-25'),('AF81',2,'キャベツ','野菜','2020-01-01'),('AF81',1,'キュウリ','野菜','2019-12-25'),('AF81',1,'キュウリ','野菜','2019-12-26'),('AF81',1,'グリーンピース','野菜','2019-12-31'),('AF81',1,'ゴボウ','野菜','2019-12-31'),('AF81',1,'さつまいも','野菜','2019-12-26'),('AF81',5,'さといも','芋','2020-01-01'),('AF81',2,'サバ','魚','2019-12-25'),('AF81',1,'サバ','魚','2019-12-26'),('AF81',10,'しいたけ','キノコ','2019-12-30'),('AF81',1,'ジャガイモ','野菜','2019-12-25'),('AF81',5,'じゃがいも','芋','2019-12-27'),('AF81',30,'スイカ','野菜','2020-07-20'),('AF81',1,'タマネギ','野菜','2019-12-25'),('AF81',10,'とうもろこし','野菜','2019-12-27'),('AF81',10,'とうもろこし','野菜','2020-01-03'),('AF81',2,'トマト','野菜','2019-12-31'),('AF81',5,'トマト','野菜','2020-01-22'),('AF81',1,'にら','野菜','2020-01-03'),('AF81',1,'ニンジン','野菜','2019-12-25'),('AF81',1,'にんにく','野菜','2020-01-02'),('AF81',1,'ネギ','野菜','2019-12-29'),('AF81',1,'ネギ','野菜','2020-01-04'),('AF81',1,'バジル','野菜','2019-12-31'),('AF81',3,'ひき肉','肉','2019-12-25'),('AF81',1,'ブドウ','果物','2019-12-25'),('AF81',4,'ブリ','魚','2019-12-25'),('AF81',1,'ほうれん草','野菜','2019-12-29'),('AF81',1,'ほっけ','魚','2019-12-25'),('AF81',2,'まいたけ','キノコ','2019-12-31'),('AF81',2,'まいたけ','キノコ','2020-01-03'),('AF81',10,'ミニトマト','野菜','2020-01-01'),('AF81',2,'モロヘイヤ','野菜','2020-01-01'),('AF81',2,'りんご','果物','2020-01-01'),('AF81',1,'大根','野菜','2019-12-25'),('AF81',1,'大根','野菜','2020-01-01'),('AF81',2,'春菊','野菜','2019-12-30'),('AF81',1,'枝豆','豆','2019-12-29'),('AF81',1,'枝豆','豆','2019-12-31'),('AF81',1,'水菜','野菜','2019-12-25'),('AF81',1,'水菜','野菜','2019-12-29'),('AF81',1,'牛乳','乳製品','2020-01-01'),('AF81',2,'牛肉','肉','2019-12-25'),('AF81',3,'牛薄切り肉','肉','2019-12-28'),('AF81',3,'生鮭','魚','2020-01-02'),('AF81',1,'白菜','野菜','2019-12-28'),('AF81',3,'納豆','大豆製品','2019-12-30'),('AF81',2,'絹豆腐','大豆製品','2019-12-26'),('AF81',2,'絹豆腐','大豆製品','2019-12-29'),('AF81',2,'絹豆腐','大豆製品','2019-12-30'),('AF81',1,'豆腐','大豆製品','2019-12-25'),('AF81',5,'豚バラ','肉','2019-12-30'),('AF81',3,'豚ひき肉','肉','2019-12-29'),('AF81',1,'豚ひき肉','肉','2020-01-01'),('AF81',3,'豚ひき肉','肉','2020-01-03'),('AF81',2,'豚肉','肉','2019-12-25'),('AF81',2,'豚肉','肉','2019-12-30'),('AF81',2,'豚肉ロース','肉','2020-01-01'),('AF81',2,'鮭','魚','2019-12-25'),('AF81',1,'鮭','魚','2019-12-28'),('AF81',3,'鶏もも肉','肉','2020-01-01'),('AF81',2,'鶏肉','肉','2019-12-25');
/*!40000 ALTER TABLE `reffood_temp` ENABLE KEYS */;
UNLOCK TABLES;

--
-- Table structure for table `register`
--

DROP TABLE IF EXISTS `register`;
/*!40101 SET @saved_cs_client     = @@character_set_client */;
 SET character_set_client = utf8mb4 ;
CREATE TABLE `register` (
  `レシピ名` varchar(20) NOT NULL,
  `数量` float DEFAULT NULL,
  `品名` varchar(20) NOT NULL,
  PRIMARY KEY (`品名`,`レシピ名`)
) ENGINE=InnoDB DEFAULT CHARSET=utf8mb4 COLLATE=utf8mb4_0900_ai_ci;
/*!40101 SET character_set_client = @saved_cs_client */;

--
-- Dumping data for table `register`
--

LOCK TABLES `register` WRITE;
/*!40000 ALTER TABLE `register` DISABLE KEYS */;
INSERT INTO `register` VALUES ('回鍋肉',0.125,'キャベツ'),('餃子',0.25,'キャベツ'),('オムライス',1.5,'ごはん'),('きんぴらごぼう',0.5,'ごぼう'),('コロッケ',2,'じゃがいも'),('シュウマイ',0.25,'シュウマイの皮'),('鶏のから揚げ',0.125,'しょうが'),('キッシュ',2,'スライスチーズ'),('マカロニグラタン',0.2,'チーズ'),('ラザニア',0.2,'チーズ'),('キッシュ',0.5,'ツナ缶'),('ラザニア',0.25,'トマト'),('餃子',0.25,'にら'),('きんぴらごぼう',0.5,'にんじん'),('餃子',0.125,'にんにく'),('鶏のから揚げ',0.125,'にんにく'),('マカロニグラタン',0.2,'バター'),('コロッケ',0.5,'パン粉'),('ハンバーグ',1,'パン粉'),('青椒肉絲',2,'ピーマン'),('キッシュ',0.25,'ブロッコリー'),('マカロニグラタン',0.2,'マカロニ'),('マカロニグラタン',0.1,'マッシュルーム'),('キッシュ',4,'ミニトマト'),('マカロニグラタン',0.3,'むきえび'),('オムライス',2,'卵'),('キッシュ',1,'卵'),('コロッケ',1,'卵'),('ハンバーグ',1,'卵'),('コロッケ',0.5,'合いびき肉'),('ハンバーグ',1,'合いびき肉'),('ラザニア',0.4,'合いびき肉'),('コロッケ',0.5,'小麦粉'),('マカロニグラタン',0.1,'小麦粉'),('ラザニア',0.5,'小麦粉'),('鮭のムニエル',0.5,'小麦粉'),('ラザニア',2,'春巻きの皮'),('磯辺焼き',1,'海苔'),('鶏のから揚げ',0.5,'片栗粉'),('マカロニグラタン',1.5,'牛乳'),('ラザニア',0.1,'牛乳'),('青椒肉絲',1,'牛肉'),('オムライス',0.125,'玉ねぎ'),('コロッケ',0.5,'玉ねぎ'),('シュウマイ',0.25,'玉ねぎ'),('ハンバーグ',0.125,'玉ねぎ'),('マカロニグラタン',0.111,'玉ねぎ'),('ラザニア',0.25,'玉ねぎ'),('回鍋肉',1,'豚バラ肉'),('シュウマイ',1,'豚ひき肉'),('餃子',1.5,'豚ひき肉'),('きんぴらごぼう',0.5,'赤唐辛子'),('キッシュ',0.25,'長いも'),('餃子',1,'餃子の皮'),('磯辺焼き',1,'餅'),('鮭のムニエル',1,'鮭の切り身'),('マカロニグラタン',0.3,'鶏むね肉'),('オムライス',0.4,'鶏もも肉'),('鶏のから揚げ',1.3,'鶏もも肉');
/*!40000 ALTER TABLE `register` ENABLE KEYS */;
UNLOCK TABLES;
/*!40103 SET TIME_ZONE=@OLD_TIME_ZONE */;

/*!40101 SET SQL_MODE=@OLD_SQL_MODE */;
/*!40014 SET FOREIGN_KEY_CHECKS=@OLD_FOREIGN_KEY_CHECKS */;
/*!40014 SET UNIQUE_CHECKS=@OLD_UNIQUE_CHECKS */;
/*!40101 SET CHARACTER_SET_CLIENT=@OLD_CHARACTER_SET_CLIENT */;
/*!40101 SET CHARACTER_SET_RESULTS=@OLD_CHARACTER_SET_RESULTS */;
/*!40101 SET COLLATION_CONNECTION=@OLD_COLLATION_CONNECTION */;
/*!40111 SET SQL_NOTES=@OLD_SQL_NOTES */;

-- Dump completed on 2020-01-27 14:41:03
